{"stats":{"minecraft:killed":{"minecraft:horse":1,"minecraft:cat":1,"iceandfire:amphithere":1,"minecraft:iron_golem":1,"enemyexpansion:sprinter":2,"minecraft:zombie":1,"earthmobsmod:fancy_chicken":4},"minecraft:dropped":{"tombstone:scroll_of_frost_resistance":1},"minecraft:picked_up":{"minecraft:iron_axe":1,"minecraft:pumpkin_seeds":4,"minecraft:chicken":3,"minecraft:rotten_flesh":4,"minecraft:wheat_seeds":2,"earthmobsmod:fancy_feather":6,"minecraft:iron_nugget":1,"tombstone:grave_dust":1,"tombstone:scroll_of_frost_resistance":1,"minecraft:string":1},"minecraft:custom":{"minecraft:open_chest":3,"minecraft:time_since_rest":15287,"minecraft:crouch_one_cm":150,"minecraft:sprint_one_cm":8596,"minecraft:play_time":15287,"tombstone:undead_killed":3,"minecraft:walk_one_cm":15610,"minecraft:sneak_time":62,"minecraft:mob_kills":11,"minecraft:drop":1,"minecraft:jump":86,"minecraft:damage_dealt":2700,"minecraft:leave_game":2,"minecraft:time_since_death":15287,"minecraft:climb_one_cm":74,"minecraft:interact_with_smoker":1,"minecraft:total_world_time":15287,"minecraft:fly_one_cm":230653},"minecraft:used":{"born_in_chaos_v1:supreme_measure":11,"tombstone:scroll_of_frost_resistance":1,"born_in_chaos_v1:spawn_structures_lookout_tower":2,"born_in_chaos_v1:spawn_structure_mound_hounds":3}},"DataVersion":3465}